round,lr,val_loss,val_dice_WT,val_dice_TC,val_dice_ET,val_mean_dice,local_loss_TCGA-GBM,crop_source_counts_TCGA-GBM,local_loss_TCGA-LGG,crop_source_counts_TCGA-LGG,local_loss_UCSF-PDGM,crop_source_counts_UCSF-PDGM,local_loss_UPENN-GBM,crop_source_counts_UPENN-GBM
1,0.0001,1.40587249483381,0.6513389785374913,0.5946359482372895,0.5500127823371005,0.5986625697039605,1.9550318121910095,"{""tumor_jitter"": 31, ""et_jitter"": 15, ""foreground"": 16, ""random"": 10}",1.923591919567274,"{""tumor_jitter_no_et"": 3, ""foreground"": 10, ""et_jitter"": 6, ""tumor_jitter"": 22, ""random"": 5}",1.596901466597372,"{""tumor_jitter"": 125, ""random"": 29, ""et_jitter"": 63, ""foreground"": 50, ""tumor_jitter_no_et"": 1}",1.5110700283636593,"{""foreground"": 76, ""tumor_jitter"": 179, ""et_jitter"": 72, ""random"": 30, ""tumor_jitter_no_et"": 1}"
2,9.998275132250803e-05,1.2725435711088635,0.685004143062092,0.6633132302336955,0.6253185358057219,0.6578786363671698,1.3919036620193057,"{""tumor_jitter"": 37, ""et_jitter"": 16, ""random"": 6, ""foreground"": 13}",1.5052639297817065,"{""tumor_jitter"": 27, ""foreground"": 6, ""et_jitter"": 5, ""random"": 6, ""tumor_jitter_no_et"": 2}",1.3674325862927224,"{""et_jitter"": 55, ""random"": 27, ""tumor_jitter"": 150, ""foreground"": 36}",1.3337354713312075,"{""et_jitter"": 68, ""foreground"": 86, ""tumor_jitter"": 171, ""random"": 33}"
3,9.993101731091593e-05,1.1900049084708804,0.6628630181153615,0.6673719036792937,0.6149152401837166,0.6483833873261239,1.296241819858551,"{""foreground"": 17, ""tumor_jitter"": 35, ""et_jitter"": 12, ""random"": 8}",1.3989005762597788,"{""tumor_jitter"": 26, ""et_jitter"": 7, ""foreground"": 8, ""random"": 4, ""tumor_jitter_no_et"": 1}",1.2600217523859507,"{""et_jitter"": 51, ""tumor_jitter"": 133, ""random"": 27, ""foreground"": 56, ""tumor_jitter_no_et"": 1}",1.2218356025951536,"{""foreground"": 82, ""tumor_jitter"": 169, ""et_jitter"": 72, ""random"": 35}"
4,9.984483401949768e-05,1.1070659143584116,0.7531215412276132,0.7239512984599019,0.6662911408186498,0.7144546601687217,1.1894679996702406,"{""random"": 8, ""tumor_jitter"": 32, ""et_jitter"": 19, ""foreground"": 13}",1.334176120550736,"{""foreground"": 13, ""tumor_jitter"": 24, ""et_jitter"": 3, ""random"": 2, ""tumor_jitter_no_et"": 4}",1.1795972665744041,"{""random"": 22, ""et_jitter"": 56, ""tumor_jitter"": 140, ""tumor_jitter_no_et"": 1, ""foreground"": 49}",1.135813348786125,"{""et_jitter"": 61, ""tumor_jitter"": 178, ""random"": 36, ""foreground"": 83}"
5,9.972426151079067e-05,1.0334950929596312,0.7543718908514295,0.7442933467528611,0.6837755831893136,0.7274802735978682,1.1240662386020024,"{""tumor_jitter"": 31, ""foreground"": 15, ""random"": 13, ""et_jitter"": 13}",1.2715921039166658,"{""tumor_jitter"": 21, ""foreground"": 13, ""random"": 6, ""et_jitter"": 5, ""tumor_jitter_no_et"": 1}",1.1001621942911575,"{""tumor_jitter"": 126, ""foreground"": 66, ""et_jitter"": 54, ""random"": 22}",1.0641609403674164,"{""random"": 34, ""et_jitter"": 66, ""tumor_jitter"": 184, ""foreground"": 74}"
6,9.956938381373695e-05,0.9697122102692014,0.7555403658321925,0.7585156017119146,0.6993229687020613,0.7377929787487227,1.0289480636517208,"{""tumor_jitter"": 34, ""foreground"": 16, ""et_jitter"": 14, ""random"": 8}",1.210578177286231,"{""tumor_jitter"": 21, ""et_jitter"": 5, ""foreground"": 12, ""tumor_jitter_no_et"": 6, ""random"": 2}",1.0327885555687235,"{""tumor_jitter"": 141, ""et_jitter"": 57, ""foreground"": 44, ""random"": 25, ""tumor_jitter_no_et"": 1}",1.001975812059541,"{""foreground"": 78, ""et_jitter"": 68, ""tumor_jitter"": 155, ""random"": 57}"
7,9.938030886512228e-05,0.9142495399429684,0.7675339508624304,0.7713744731181096,0.7195315789533786,0.7528133343113063,0.9969086961613761,"{""et_jitter"": 11, ""tumor_jitter"": 41, ""foreground"": 14, ""random"": 6}",1.1496855901635212,"{""random"": 4, ""tumor_jitter"": 29, ""tumor_jitter_no_et"": 4, ""et_jitter"": 3, ""foreground"": 6}",0.9631854464758688,"{""tumor_jitter"": 145, ""et_jitter"": 48, ""foreground"": 51, ""random"": 23, ""tumor_jitter_no_et"": 1}",0.9438987504170594,"{""foreground"": 76, ""tumor_jitter"": 173, ""et_jitter"": 81, ""random"": 28}"
8,9.915716843435315e-05,0.8646267959049769,0.7964638846261161,0.7961094996055645,0.7412036299195499,0.7779256713837435,0.9409574237134721,"{""foreground"": 15, ""tumor_jitter"": 36, ""et_jitter"": 13, ""random"": 8}",1.1103298404942388,"{""foreground"": 10, ""tumor_jitter"": 26, ""random"": 5, ""et_jitter"": 5}",0.9334317263382584,"{""tumor_jitter"": 114, ""et_jitter"": 59, ""foreground"": 65, ""random"": 30}",0.8859414381687868,"{""tumor_jitter"": 156, ""et_jitter"": 90, ""foreground"": 77, ""random"": 35}"
9,9.890011803162453e-05,0.8154411026409694,0.801453337924821,0.7865811961749674,0.7349790856159987,0.7743378732385957,0.8893232974741194,"{""tumor_jitter"": 44, ""foreground"": 13, ""random"": 8, ""et_jitter"": 7}",1.071659829305566,"{""foreground"": 14, ""random"": 7, ""tumor_jitter"": 23, ""et_jitter"": 2}",0.8636238623910876,"{""foreground"": 56, ""tumor_jitter"": 133, ""et_jitter"": 62, ""random"": 16, ""tumor_jitter_no_et"": 1}",0.8330507654717515,"{""random"": 27, ""et_jitter"": 80, ""tumor_jitter"": 182, ""foreground"": 68, ""tumor_jitter_no_et"": 1}"
10,9.86093367995423e-05,0.7702135846728371,0.8106742481390635,0.7895723718975081,0.7390628384877911,0.7797698195081209,0.8265778836276796,"{""et_jitter"": 15, ""random"": 6, ""tumor_jitter"": 37, ""foreground"": 14}",1.0410854686861453,"{""random"": 4, ""foreground"": 14, ""et_jitter"": 7, ""tumor_jitter"": 16, ""tumor_jitter_no_et"": 5}",0.8345822215969882,"{""foreground"": 52, ""tumor_jitter"": 138, ""et_jitter"": 58, ""random"": 19, ""tumor_jitter_no_et"": 1}",0.800966539196462,"{""tumor_jitter"": 183, ""random"": 48, ""foreground"": 68, ""et_jitter"": 59}"
11,9.828502738827592e-05,0.7317156661124457,0.79733543466954,0.7987107571395676,0.7494650238427449,0.7818370718839508,0.7959803723626666,"{""tumor_jitter"": 42, ""et_jitter"": 13, ""random"": 4, ""foreground"": 13}",1.0204219584879668,"{""tumor_jitter_no_et"": 3, ""tumor_jitter"": 30, ""et_jitter"": 4, ""random"": 3, ""foreground"": 6}",0.7816574506795229,"{""et_jitter"": 42, ""tumor_jitter"": 146, ""foreground"": 59, ""random"": 20, ""tumor_jitter_no_et"": 1}",0.7468086747483834,"{""random"": 27, ""tumor_jitter"": 204, ""foreground"": 69, ""et_jitter"": 57, ""tumor_jitter_no_et"": 1}"
12,9.792741581432806e-05,0.7002596483344123,0.8624707497301556,0.7977571598747889,0.7652019599588225,0.8084766231879223,0.7402129040824043,"{""tumor_jitter"": 37, ""foreground"": 17, ""et_jitter"": 13, ""random"": 5}",0.9575681738231493,"{""tumor_jitter"": 24, ""random"": 6, ""tumor_jitter_no_et"": 3, ""foreground"": 10, ""et_jitter"": 3}",0.736171939479771,"{""tumor_jitter"": 116, ""foreground"": 56, ""et_jitter"": 62, ""random"": 33, ""tumor_jitter_no_et"": 1}",0.7106204858705318,"{""random"": 43, ""foreground"": 74, ""tumor_jitter"": 166, ""et_jitter"": 75}"
13,9.753675130302024e-05,0.6550492411568052,0.8299245523554938,0.79570233254237,0.7489753136509889,0.791534066182951,0.7017395231458876,"{""tumor_jitter"": 35, ""et_jitter"": 12, ""foreground"": 16, ""random"": 9}",0.9533554445142332,"{""tumor_jitter_no_et"": 4, ""tumor_jitter"": 19, ""foreground"": 12, ""random"": 5, ""et_jitter"": 6}",0.7051418223487798,"{""tumor_jitter"": 143, ""et_jitter"": 50, ""random"": 20, ""foreground"": 55}",0.6790128386886426,"{""tumor_jitter"": 194, ""et_jitter"": 65, ""random"": 34, ""foreground"": 65}"
14,9.711330611480347e-05,0.622640209538596,0.8177193286873046,0.8206292992102958,0.7671201435597677,0.8018229238191227,0.6690320074558258,"{""et_jitter"": 11, ""foreground"": 13, ""tumor_jitter"": 38, ""random"": 10}",0.8680770811827286,"{""random"": 6, ""tumor_jitter"": 27, ""foreground"": 8, ""et_jitter"": 5}",0.6743409609171882,"{""tumor_jitter"": 132, ""et_jitter"": 57, ""foreground"": 60, ""random"": 19}",0.6416226021071386,"{""random"": 36, ""et_jitter"": 82, ""tumor_jitter"": 170, ""foreground"": 70}"
15,9.665737535551561e-05,0.6050067030248187,0.8282184143861134,0.8025433265740506,0.7524243332541528,0.7943953580714389,0.66283537613021,"{""tumor_jitter"": 38, ""et_jitter"": 13, ""foreground"": 13, ""random"": 8}",0.9244366262270056,"{""tumor_jitter_no_et"": 5, ""tumor_jitter"": 26, ""foreground"": 7, ""et_jitter"": 3, ""random"": 5}",0.6398998149740163,"{""tumor_jitter"": 136, ""foreground"": 52, ""et_jitter"": 55, ""random"": 25}",0.625341355967122,"{""tumor_jitter"": 174, ""foreground"": 77, ""et_jitter"": 68, ""random"": 39}"
16,9.616927677071731e-05,0.5701736106759026,0.8654045387392952,0.8332804717132276,0.7989856199712416,0.8325568768079216,0.6053976151678298,"{""et_jitter"": 12, ""tumor_jitter"": 45, ""foreground"": 9, ""random"": 6}",0.8910361476566481,"{""tumor_jitter"": 22, ""et_jitter"": 6, ""foreground"": 15, ""tumor_jitter_no_et"": 2, ""random"": 1}",0.6111643765844516,"{""tumor_jitter"": 137, ""foreground"": 52, ""et_jitter"": 47, ""random"": 31, ""tumor_jitter_no_et"": 1}",0.5913146890741486,"{""et_jitter"": 82, ""tumor_jitter"": 173, ""random"": 34, ""foreground"": 69}"
17,9.56493505242499e-05,0.549658177012489,0.8303764971948805,0.7844650199905343,0.7613863095297625,0.7920759422383924,0.5865785653392473,"{""et_jitter"": 14, ""random"": 11, ""foreground"": 17, ""tumor_jitter"": 30}",0.8936747623526532,"{""et_jitter"": 4, ""tumor_jitter_no_et"": 6, ""tumor_jitter"": 26, ""foreground"": 8, ""random"": 2}",0.5903700156443155,"{""tumor_jitter"": 141, ""foreground"": 52, ""random"": 25, ""et_jitter"": 50}",0.5457474524415405,"{""tumor_jitter"": 171, ""et_jitter"": 85, ""foreground"": 68, ""random"": 34}"
18,9.509795896116975e-05,0.5220556432292575,0.8478434158223016,0.8327947271730118,0.783716037098801,0.8214513933647049,0.5548781537347369,"{""et_jitter"": 17, ""tumor_jitter"": 34, ""foreground"": 17, ""random"": 4}",0.824865012065224,"{""tumor_jitter"": 22, ""foreground"": 10, ""random"": 6, ""tumor_jitter_no_et"": 5, ""et_jitter"": 3}",0.5602267326703713,"{""tumor_jitter"": 137, ""random"": 27, ""foreground"": 57, ""et_jitter"": 47}",0.5291162707619161,"{""et_jitter"": 87, ""foreground"": 67, ""random"": 34, ""tumor_jitter"": 170}"
19,9.451548635522406e-05,0.4922733874548049,0.8598998775084813,0.8320229815593072,0.7907000534652773,0.8275409708443552,0.5528873660498195,"{""foreground"": 11, ""et_jitter"": 14, ""tumor_jitter"": 39, ""random"": 8}",0.8043370946593906,"{""random"": 5, ""tumor_jitter"": 24, ""foreground"": 10, ""et_jitter"": 5, ""tumor_jitter_no_et"": 2}",0.53490876150665,"{""tumor_jitter"": 131, ""random"": 21, ""foreground"": 62, ""et_jitter"": 53, ""tumor_jitter_no_et"": 1}",0.5094794978975584,"{""tumor_jitter"": 181, ""random"": 37, ""et_jitter"": 67, ""foreground"": 73}"
20,9.39023386410443e-05,0.4773246068330038,0.8640807549158732,0.830392360528331,0.7949970014140715,0.8298233722860919,0.536485542025831,"{""tumor_jitter"": 37, ""et_jitter"": 12, ""foreground"": 15, ""random"": 8}",0.8739724185155786,"{""tumor_jitter_no_et"": 5, ""random"": 5, ""et_jitter"": 6, ""tumor_jitter"": 27, ""foreground"": 3}",0.5271481351176305,"{""foreground"": 60, ""tumor_jitter"": 124, ""random"": 35, ""et_jitter"": 48, ""tumor_jitter_no_et"": 1}",0.48460566364853075,"{""tumor_jitter"": 177, ""foreground"": 87, ""random"": 27, ""et_jitter"": 67}"
21,9.32589431312436e-05,0.464177310750598,0.8653427937201091,0.8140110779647853,0.7783610328020228,0.819238301495639,0.5430669999784894,"{""foreground"": 17, ""et_jitter"": 10, ""tumor_jitter"": 34, ""random"": 11}",0.8446134406587352,"{""et_jitter"": 4, ""tumor_jitter"": 23, ""tumor_jitter_no_et"": 4, ""foreground"": 11, ""random"": 4}",0.4957468756544056,"{""foreground"": 45, ""tumor_jitter"": 146, ""random"": 22, ""et_jitter"": 53, ""tumor_jitter_no_et"": 2}",0.46295442452976826,"{""tumor_jitter"": 184, ""et_jitter"": 63, ""foreground"": 68, ""random"": 43}"
22,9.258574821861591e-05,0.43979558774403166,0.8712620102223896,0.834941961767714,0.7999638635204909,0.8353892785035315,0.48907776176929474,"{""foreground"": 21, ""et_jitter"": 18, ""tumor_jitter"": 31, ""random"": 2}",0.8009093999862671,"{""tumor_jitter"": 19, ""foreground"": 9, ""et_jitter"": 7, ""random"": 8, ""tumor_jitter_no_et"": 3}",0.4945631979116753,"{""tumor_jitter"": 142, ""foreground"": 45, ""et_jitter"": 48, ""random"": 31, ""tumor_jitter_no_et"": 2}",0.4613073270913609,"{""tumor_jitter"": 176, ""et_jitter"": 84, ""random"": 36, ""foreground"": 62}"
23,9.188322306364349e-05,0.41997852041607814,0.8582922450133732,0.8355016390844037,0.8017535868569184,0.8318491569848985,0.5089560341503885,"{""tumor_jitter"": 37, ""et_jitter"": 11, ""random"": 5, ""foreground"": 19}",0.8304509883341582,"{""tumor_jitter"": 28, ""foreground"": 11, ""random"": 5, ""et_jitter"": 2}",0.47397782186518855,"{""random"": 23, ""et_jitter"": 50, ""tumor_jitter"": 136, ""foreground"": 58, ""tumor_jitter_no_et"": 1}",0.4305133224366097,"{""random"": 37, ""tumor_jitter"": 185, ""foreground"": 74, ""et_jitter"": 61, ""tumor_jitter_no_et"": 1}"
24,9.115185726753152e-05,0.40393647906326113,0.8748675641559419,0.8536681096122607,0.8165121426727645,0.8483492721469891,0.4661194094353252,"{""tumor_jitter"": 35, ""foreground"": 14, ""random"": 9, ""et_jitter"": 14}",0.8439546823501587,"{""tumor_jitter"": 23, ""foreground"": 8, ""random"": 6, ""et_jitter"": 9}",0.4586269727616168,"{""tumor_jitter"": 136, ""foreground"": 54, ""et_jitter"": 51, ""random"": 27}",0.4109901865767367,"{""random"": 30, ""tumor_jitter"": 185, ""foreground"": 61, ""et_jitter"": 82}"
25,9.039216053099704e-05,0.41300269180820104,0.8785591453313828,0.8374172913451549,0.802422021393121,0.8394661526898862,0.4778294323219193,"{""tumor_jitter"": 34, ""et_jitter"": 13, ""foreground"": 16, ""random"": 9}",0.7984599186026532,"{""tumor_jitter"": 32, ""et_jitter"": 3, ""foreground"": 5, ""random"": 3, ""tumor_jitter_no_et"": 3}",0.4210390039344332,"{""et_jitter"": 57, ""tumor_jitter"": 150, ""foreground"": 43, ""random"": 17, ""tumor_jitter_no_et"": 1}",0.40889696743568227,"{""tumor_jitter"": 160, ""foreground"": 67, ""et_jitter"": 89, ""random"": 42}"
26,8.960466229905011e-05,0.390867517108009,0.8747149864832561,0.8436925078484565,0.8138837167368163,0.8440970703561762,0.44951442836059463,"{""tumor_jitter"": 32, ""foreground"": 16, ""et_jitter"": 17, ""random"": 7}",0.8080824872721797,"{""tumor_jitter"": 26, ""et_jitter"": 5, ""tumor_jitter_no_et"": 3, ""random"": 6, ""foreground"": 6}",0.43326030749438416,"{""random"": 26, ""et_jitter"": 48, ""tumor_jitter"": 136, ""foreground"": 56, ""tumor_jitter_no_et"": 2}",0.3928831962233815,"{""random"": 43, ""tumor_jitter"": 176, ""et_jitter"": 69, ""foreground"": 69, ""tumor_jitter_no_et"": 1}"
27,8.878991139201513e-05,0.3907526582479477,0.8411092335269564,0.8417567176660014,0.8035907430716772,0.8288188980882117,0.4461524552769131,"{""tumor_jitter"": 39, ""foreground"": 13, ""et_jitter"": 12, ""random"": 8}",0.7980438548585643,"{""tumor_jitter"": 23, ""et_jitter"": 5, ""foreground"": 7, ""tumor_jitter_no_et"": 2, ""random"": 9}",0.40039788642481194,"{""foreground"": 48, ""tumor_jitter"": 143, ""et_jitter"": 55, ""random"": 22}",0.37254433775081314,"{""foreground"": 67, ""tumor_jitter"": 184, ""random"": 38, ""et_jitter"": 68, ""tumor_jitter_no_et"": 1}"
28,8.794847562304895e-05,0.3760664443174998,0.8582452020474842,0.8484771184909266,0.8178799432456231,0.8415340879280113,0.4134380552503798,"{""tumor_jitter"": 41, ""et_jitter"": 13, ""foreground"": 14, ""random"": 4}",0.7891224052595056,"{""tumor_jitter"": 29, ""foreground"": 8, ""tumor_jitter_no_et"": 2, ""random"": 4, ""et_jitter"": 3}",0.4295125186665734,"{""foreground"": 57, ""tumor_jitter"": 128, ""random"": 33, ""et_jitter"": 50}",0.3747717767287899,"{""tumor_jitter"": 176, ""foreground"": 75, ""et_jitter"": 64, ""random"": 43}"
29,8.708094140242262e-05,0.3625308871978805,0.8738707867406663,0.8479825265004779,0.8119780334715726,0.844610448904239,0.45117105295260745,"{""tumor_jitter"": 34, ""et_jitter"": 14, ""foreground"": 14, ""random"": 10}",0.8059820325478263,"{""tumor_jitter"": 27, ""tumor_jitter_no_et"": 4, ""foreground"": 12, ""random"": 3}",0.4053245072266949,"{""tumor_jitter"": 132, ""random"": 27, ""foreground"": 60, ""et_jitter"": 48, ""tumor_jitter_no_et"": 1}",0.3688212387555138,"{""tumor_jitter"": 189, ""et_jitter"": 64, ""foreground"": 68, ""random"": 36, ""tumor_jitter_no_et"": 1}"
30,8.618791332884264e-05,0.3472847597939627,0.894909636321522,0.853244756943586,0.8096184738354867,0.8525909557001983,0.4340054980582661,"{""tumor_jitter"": 41, ""et_jitter"": 13, ""random"": 10, ""foreground"": 8}",0.7623589246169381,"{""foreground"": 10, ""tumor_jitter"": 20, ""tumor_jitter_no_et"": 4, ""et_jitter"": 5, ""random"": 7}",0.3782910398805319,"{""random"": 28, ""tumor_jitter"": 134, ""et_jitter"": 68, ""foreground"": 37, ""tumor_jitter_no_et"": 1}",0.3660008726672753,"{""tumor_jitter"": 177, ""random"": 48, ""et_jitter"": 58, ""foreground"": 74, ""tumor_jitter_no_et"": 1}"
31,8.527001376809613e-05,0.35575228993381774,0.8811207863546553,0.8571952526754719,0.8300485360443168,0.8561215250248146,0.4418831633196937,"{""tumor_jitter"": 37, ""foreground"": 15, ""et_jitter"": 15, ""random"": 5}",0.8070377422415692,"{""et_jitter"": 5, ""foreground"": 9, ""tumor_jitter_no_et"": 6, ""random"": 4, ""tumor_jitter"": 22}",0.36984478326430964,"{""foreground"": 43, ""et_jitter"": 66, ""tumor_jitter"": 138, ""random"": 20, ""tumor_jitter_no_et"": 1}",0.34249472368362893,"{""tumor_jitter"": 193, ""foreground"": 68, ""et_jitter"": 70, ""random"": 27}"
32,8.432788241931415e-05,0.3493069294662703,0.8919826960279829,0.8560048107873246,0.8295737880927331,0.8591870983026801,0.415789229174455,"{""foreground"": 21, ""tumor_jitter"": 37, ""random"": 5, ""et_jitter"": 9}",0.8198418358097905,"{""tumor_jitter"": 21, ""foreground"": 10, ""random"": 5, ""et_jitter"": 9, ""tumor_jitter_no_et"": 1}",0.36644984815102905,"{""et_jitter"": 52, ""foreground"": 63, ""tumor_jitter"": 131, ""random"": 22}",0.3300722617676804,"{""tumor_jitter"": 173, ""foreground"": 74, ""et_jitter"": 78, ""random"": 33}"
33,8.336217586915492e-05,0.33720096207800365,0.8953114315157845,0.858172147642109,0.820326577543894,0.8579367189005959,0.41404040737284553,"{""tumor_jitter"": 32, ""random"": 7, ""foreground"": 18, ""et_jitter"": 15}",0.8400377372036809,"{""tumor_jitter"": 26, ""foreground"": 9, ""et_jitter"": 3, ""random"": 7, ""tumor_jitter_no_et"": 1}",0.38530166002351846,"{""foreground"": 58, ""tumor_jitter"": 125, ""et_jitter"": 55, ""random"": 29, ""tumor_jitter_no_et"": 1}",0.3176009211710045,"{""tumor_jitter"": 184, ""foreground"": 65, ""et_jitter"": 75, ""random"": 34}"
34,8.237356713421782e-05,0.3290208123979114,0.8812710811694463,0.8658607777219177,0.8209681964986243,0.8560333517966628,0.43126409335268867,"{""tumor_jitter"": 41, ""random"": 12, ""foreground"": 11, ""et_jitter"": 8}",0.7843524010285087,"{""tumor_jitter"": 16, ""et_jitter"": 8, ""foreground"": 12, ""tumor_jitter_no_et"": 3, ""random"": 7}",0.36798799126895504,"{""tumor_jitter"": 152, ""random"": 31, ""et_jitter"": 43, ""foreground"": 41, ""tumor_jitter_no_et"": 1}",0.34900521349640534,"{""foreground"": 75, ""tumor_jitter"": 168, ""random"": 41, ""et_jitter"": 74}"
35,8.136274519200731e-05,0.32814007153113683,0.8765329754068738,0.8613794660781086,0.824556177377797,0.8541562062875933,0.4141920821534263,"{""foreground"": 14, ""et_jitter"": 16, ""tumor_jitter"": 32, ""random"": 10}",0.7364010992257491,"{""random"": 5, ""tumor_jitter"": 21, ""et_jitter"": 6, ""foreground"": 12, ""tumor_jitter_no_et"": 2}",0.3735439574985362,"{""foreground"": 54, ""tumor_jitter"": 132, ""et_jitter"": 52, ""random"": 30}",0.33947539953879136,"{""tumor_jitter"": 168, ""foreground"": 80, ""et_jitter"": 75, ""random"": 35}"
36,8.03304145007732e-05,0.32401678959528607,0.8740279687302454,0.8609972962244813,0.8185584069055826,0.8511945572867697,0.40545880380604005,"{""foreground"": 18, ""et_jitter"": 16, ""tumor_jitter"": 30, ""random"": 8}",0.7592834078747294,"{""random"": 3, ""et_jitter"": 6, ""tumor_jitter"": 20, ""foreground"": 14, ""tumor_jitter_no_et"": 3}",0.3694809561789925,"{""tumor_jitter"": 142, ""et_jitter"": 45, ""random"": 24, ""foreground"": 56, ""tumor_jitter_no_et"": 1}",0.3383731359210094,"{""foreground"": 66, ""tumor_jitter"": 189, ""random"": 42, ""et_jitter"": 61}"
37,7.927729450856227e-05,0.3265723684004375,0.8730903780176527,0.8579223563295922,0.8114624942219323,0.8474917428563925,0.4248368851840496,"{""tumor_jitter"": 28, ""et_jitter"": 13, ""foreground"": 23, ""random"": 8}",0.7746263975682466,"{""foreground"": 8, ""et_jitter"": 6, ""tumor_jitter"": 24, ""tumor_jitter_no_et"": 5, ""random"": 3}",0.3570403880370197,"{""tumor_jitter"": 117, ""foreground"": 59, ""et_jitter"": 73, ""random"": 19}",0.3391878249425462,"{""foreground"": 64, ""tumor_jitter"": 163, ""et_jitter"": 84, ""random"": 47}"
38,7.820411915182325e-05,0.3126662455144383,0.8804945646297364,0.8708827533901068,0.8309717654304013,0.8607830278167481,0.3980984811981519,"{""tumor_jitter"": 44, ""et_jitter"": 11, ""foreground"": 13, ""random"": 4}",0.8273222886997721,"{""foreground"": 11, ""tumor_jitter"": 27, ""random"": 6, ""tumor_jitter_no_et"": 1, ""et_jitter"": 1}",0.3496307976988714,"{""foreground"": 49, ""tumor_jitter"": 146, ""et_jitter"": 49, ""random"": 22, ""tumor_jitter_no_et"": 2}",0.3222422962748139,"{""foreground"": 81, ""et_jitter"": 67, ""random"": 38, ""tumor_jitter"": 172}"
39,7.711163634391459e-05,0.332289371745927,0.9038828282129197,0.8656348844862631,0.8238628699689462,0.8644601942227097,0.40655539598729873,"{""foreground"": 21, ""tumor_jitter"": 32, ""et_jitter"": 12, ""random"": 7}",0.750778545504031,"{""tumor_jitter"": 22, ""et_jitter"": 4, ""foreground"": 13, ""random"": 5, ""tumor_jitter_no_et"": 2}",0.35652254421764346,"{""foreground"": 53, ""tumor_jitter"": 113, ""et_jitter"": 61, ""random"": 39, ""tumor_jitter_no_et"": 2}",0.3196148102759649,"{""tumor_jitter"": 172, ""et_jitter"": 68, ""random"": 39, ""foreground"": 78, ""tumor_jitter_no_et"": 1}"
40,7.600060745387135e-05,0.3220723428186916,0.8751880787667774,0.8594846580626576,0.8279470898885842,0.8542066089060064,0.4313463498320844,"{""tumor_jitter"": 32, ""foreground"": 14, ""et_jitter"": 13, ""random"": 13}",0.8299774916275687,"{""foreground"": 11, ""tumor_jitter"": 22, ""random"": 5, ""tumor_jitter_no_et"": 4, ""et_jitter"": 4}",0.3384173743760408,"{""et_jitter"": 68, ""foreground"": 54, ""random"": 23, ""tumor_jitter"": 123}",0.3096343121132371,"{""tumor_jitter"": 184, ""et_jitter"": 73, ""random"": 36, ""foreground"": 65}"
41,7.487180677579494e-05,0.31545638995511194,0.8733547363962446,0.858053996837199,0.8217076682072563,0.8510388004802333,0.43516993812388843,"{""et_jitter"": 14, ""tumor_jitter"": 38, ""random"": 9, ""foreground"": 11}",0.8661459295646005,"{""tumor_jitter"": 27, ""et_jitter"": 5, ""foreground"": 6, ""random"": 5, ""tumor_jitter_no_et"": 3}",0.34463543784040124,"{""random"": 28, ""tumor_jitter"": 135, ""et_jitter"": 41, ""foreground"": 64}",0.3222926273192773,"{""foreground"": 69, ""tumor_jitter"": 181, ""et_jitter"": 70, ""random"": 38}"
42,7.372602098923478e-05,0.31545323041223344,0.8800174410854067,0.8651747066636234,0.832578711920504,0.8592569532231781,0.42124470240539974,"{""tumor_jitter"": 30, ""et_jitter"": 17, ""foreground"": 17, ""random"": 8}",0.8090460274530493,"{""tumor_jitter"": 31, ""random"": 3, ""foreground"": 9, ""et_jitter"": 3}",0.35901339530055204,"{""tumor_jitter"": 127, ""et_jitter"": 53, ""foreground"": 56, ""random"": 32}",0.3077143047358737,"{""random"": 36, ""tumor_jitter"": 181, ""et_jitter"": 67, ""foreground"": 74}"
43,7.256404861093866e-05,0.31086136663243885,0.8862941839865276,0.8679744630835817,0.834020806035028,0.8627631510350456,0.4015425613356961,"{""foreground"": 17, ""tumor_jitter"": 33, ""random"": 7, ""et_jitter"": 15}",0.8288872993510702,"{""tumor_jitter"": 16, ""tumor_jitter_no_et"": 6, ""foreground"": 12, ""et_jitter"": 9, ""random"": 3}",0.34092366150510844,"{""foreground"": 48, ""random"": 34, ""et_jitter"": 46, ""tumor_jitter"": 140}",0.32158167189892445,"{""tumor_jitter"": 177, ""et_jitter"": 69, ""foreground"": 75, ""random"": 37}"
44,7.138669943835332e-05,0.3193458800514539,0.8875657260417938,0.8608040453259631,0.8311179431061981,0.859829238157985,0.36882763852675754,"{""tumor_jitter"": 39, ""random"": 10, ""foreground"": 15, ""et_jitter"": 8}",0.7824416601139567,"{""foreground"": 13, ""et_jitter"": 3, ""tumor_jitter"": 18, ""tumor_jitter_no_et"": 2, ""random"": 10}",0.31776061743053036,"{""tumor_jitter"": 141, ""foreground"": 56, ""random"": 21, ""et_jitter"": 49, ""tumor_jitter_no_et"": 1}",0.30548979158841033,"{""tumor_jitter"": 178, ""foreground"": 77, ""et_jitter"": 77, ""random"": 25, ""tumor_jitter_no_et"": 1}"
45,7.019479398526359e-05,0.30679122372752143,0.8940756278378623,0.86311889134037,0.8203856636025562,0.8591933942602629,0.4060046556923125,"{""random"": 10, ""et_jitter"": 15, ""tumor_jitter"": 31, ""foreground"": 16}",0.7852481305599213,"{""random"": 5, ""tumor_jitter"": 23, ""foreground"": 11, ""et_jitter"": 6, ""tumor_jitter_no_et"": 1}",0.33430814693000777,"{""tumor_jitter"": 122, ""foreground"": 65, ""et_jitter"": 59, ""random"": 21, ""tumor_jitter_no_et"": 1}",0.308078918793348,"{""tumor_jitter"": 176, ""et_jitter"": 72, ""foreground"": 73, ""random"": 37}"
46,6.898916290996282e-05,0.3141057583547774,0.8763407863321758,0.8575027070207787,0.8252623576127806,0.853035283655245,0.3906730463107427,"{""random"": 5, ""tumor_jitter"": 35, ""foreground"": 21, ""et_jitter"": 11}",0.788268506526947,"{""tumor_jitter"": 24, ""foreground"": 9, ""tumor_jitter_no_et"": 3, ""et_jitter"": 4, ""random"": 6}",0.325522116538304,"{""et_jitter"": 56, ""tumor_jitter"": 127, ""random"": 24, ""foreground"": 60, ""tumor_jitter_no_et"": 1}",0.29135918192690313,"{""et_jitter"": 60, ""tumor_jitter"": 190, ""foreground"": 72, ""random"": 36}"
47,6.777064643635376e-05,0.30564870706626346,0.8948101297730491,0.8590153275720661,0.830227650437126,0.8613510359274136,0.398369407074319,"{""foreground"": 19, ""et_jitter"": 19, ""tumor_jitter"": 28, ""random"": 6}",0.8154374438783397,"{""et_jitter"": 9, ""tumor_jitter"": 21, ""foreground"": 9, ""tumor_jitter_no_et"": 4, ""random"": 3}",0.3193942242816313,"{""tumor_jitter"": 129, ""foreground"": 56, ""et_jitter"": 58, ""random"": 24, ""tumor_jitter_no_et"": 1}",0.2934885731788987,"{""et_jitter"": 58, ""tumor_jitter"": 179, ""foreground"": 84, ""random"": 36, ""tumor_jitter_no_et"": 1}"
48,6.654009376838272e-05,0.31928841095595134,0.8813654631376266,0.8588979115773943,0.8324419840186166,0.8575684529112125,0.3899633756114377,"{""tumor_jitter"": 34, ""et_jitter"": 15, ""foreground"": 15, ""random"": 8}",0.7925821814848029,"{""tumor_jitter"": 24, ""random"": 5, ""foreground"": 10, ""tumor_jitter_no_et"": 2, ""et_jitter"": 5}",0.3307138838207544,"{""tumor_jitter"": 143, ""et_jitter"": 51, ""foreground"": 53, ""random"": 20, ""tumor_jitter_no_et"": 1}",0.2868806316033422,"{""foreground"": 63, ""et_jitter"": 62, ""tumor_jitter"": 194, ""random"": 39}"
49,6.529836249821563e-05,0.30193723887205126,0.8933930442446754,0.8630162441581931,0.8295230024653413,0.8619774302894032,0.3879745863378048,"{""random"": 9, ""et_jitter"": 17, ""tumor_jitter"": 42, ""foreground"": 4}",0.8095209909522015,"{""tumor_jitter"": 25, ""foreground"": 8, ""et_jitter"": 6, ""random"": 5, ""tumor_jitter_no_et"": 2}",0.32507403912161714,"{""et_jitter"": 49, ""tumor_jitter"": 147, ""foreground"": 53, ""random"": 18, ""tumor_jitter_no_et"": 1}",0.30992560467407027,"{""tumor_jitter"": 164, ""random"": 52, ""foreground"": 82, ""et_jitter"": 60}"
50,6.404631800856812e-05,0.3103174683593568,0.8877189447482426,0.8608533677276908,0.8324976499396344,0.8603566541385227,0.38557494887047344,"{""et_jitter"": 10, ""tumor_jitter"": 36, ""random"": 10, ""foreground"": 16}",0.8037416261175404,"{""foreground"": 12, ""tumor_jitter_no_et"": 4, ""tumor_jitter"": 21, ""random"": 3, ""et_jitter"": 6}",0.3355277478694916,"{""foreground"": 56, ""et_jitter"": 59, ""random"": 30, ""tumor_jitter"": 122, ""tumor_jitter_no_et"": 1}",0.30513700335052424,"{""tumor_jitter"": 162, ""et_jitter"": 78, ""foreground"": 77, ""random"": 41}"
51,6.278483286960609e-05,0.3090015319841249,0.9070528771196092,0.8677962699474763,0.8367900512980231,0.8705463994550362,0.3636905695829127,"{""tumor_jitter"": 45, ""et_jitter"": 11, ""foreground"": 12, ""random"": 4}",0.780862394882285,"{""tumor_jitter"": 22, ""random"": 7, ""tumor_jitter_no_et"": 2, ""foreground"": 8, ""et_jitter"": 7}",0.3269135088506919,"{""tumor_jitter"": 139, ""foreground"": 42, ""et_jitter"": 53, ""random"": 33, ""tumor_jitter_no_et"": 1}",0.2963912086197118,"{""tumor_jitter"": 155, ""foreground"": 86, ""et_jitter"": 67, ""random"": 49, ""tumor_jitter_no_et"": 1}"
52,6.151478623083756e-05,0.2996878934048471,0.8946434225354876,0.8668371051089794,0.8338487026725014,0.8651097434389895,0.38851582300331855,"{""et_jitter"": 18, ""random"": 3, ""tumor_jitter"": 41, ""foreground"": 10}",0.8238441529481307,"{""tumor_jitter"": 21, ""foreground"": 11, ""et_jitter"": 6, ""random"": 4, ""tumor_jitter_no_et"": 4}",0.3182165936858796,"{""tumor_jitter"": 142, ""random"": 24, ""et_jitter"": 44, ""foreground"": 57, ""tumor_jitter_no_et"": 1}",0.28783254908116834,"{""random"": 39, ""foreground"": 79, ""tumor_jitter"": 178, ""et_jitter"": 62}"
53,6.0237063208418994e-05,0.30250617010252817,0.8826004881234396,0.8630913127912209,0.8309025228301191,0.8588647745815932,0.4059136634071668,"{""et_jitter"": 18, ""tumor_jitter"": 33, ""random"": 8, ""foreground"": 13}",0.857723584641581,"{""tumor_jitter"": 22, ""et_jitter"": 5, ""foreground"": 9, ""random"": 7, ""tumor_jitter_no_et"": 3}",0.3178861152881117,"{""et_jitter"": 58, ""random"": 27, ""tumor_jitter"": 132, ""foreground"": 50, ""tumor_jitter_no_et"": 1}",0.2839972276927373,"{""tumor_jitter"": 188, ""random"": 34, ""foreground"": 65, ""et_jitter"": 71}"
54,5.89525542683034e-05,0.3057993408469927,0.8912115342560268,0.86841510349928,0.8395310021921997,0.8663858799825022,0.3752097392247783,"{""foreground"": 19, ""tumor_jitter"": 32, ""et_jitter"": 18, ""random"": 3}",0.8075849569362142,"{""random"": 5, ""et_jitter"": 5, ""tumor_jitter"": 28, ""tumor_jitter_no_et"": 6, ""foreground"": 2}",0.2980085976088225,"{""tumor_jitter"": 136, ""foreground"": 63, ""et_jitter"": 47, ""random"": 21, ""tumor_jitter_no_et"": 1}",0.2853368750913849,"{""random"": 36, ""et_jitter"": 75, ""tumor_jitter"": 172, ""foreground"": 75}"
55,5.7662154605660256e-05,0.3040926835366658,0.8966700900168646,0.8647228375031513,0.8355110277604957,0.8656346517601704,0.3899003350072437,"{""foreground"": 19, ""tumor_jitter"": 27, ""random"": 9, ""et_jitter"": 17}",0.8551818650701771,"{""foreground"": 11, ""tumor_jitter"": 24, ""random"": 6, ""tumor_jitter_no_et"": 2, ""et_jitter"": 3}",0.307357343664365,"{""foreground"": 52, ""tumor_jitter"": 121, ""random"": 27, ""et_jitter"": 66, ""tumor_jitter_no_et"": 2}",0.2707671962220576,"{""foreground"": 80, ""tumor_jitter"": 188, ""et_jitter"": 60, ""random"": 30}"
56,5.636676352099929e-05,0.312011681497097,0.9001018116871516,0.8610217471705628,0.8385990917136766,0.8665742168571303,0.37090997853212887,"{""et_jitter"": 16, ""tumor_jitter"": 38, ""foreground"": 15, ""random"": 3}",0.8057815354803334,"{""tumor_jitter"": 25, ""foreground"": 10, ""et_jitter"": 4, ""random"": 6, ""tumor_jitter_no_et"": 1}",0.31981066530987395,"{""foreground"": 63, ""et_jitter"": 59, ""tumor_jitter"": 117, ""random"": 27, ""tumor_jitter_no_et"": 2}",0.2779862822850323,"{""foreground"": 82, ""tumor_jitter"": 176, ""random"": 28, ""et_jitter"": 72}"
57,5.5067283793433455e-05,0.2909337519180207,0.9045786030235745,0.878145677651265,0.8414160882525963,0.8747134563091453,0.40765529084536767,"{""tumor_jitter"": 34, ""foreground"": 19, ""random"": 7, ""et_jitter"": 12}",0.8824199645415597,"{""tumor_jitter_no_et"": 2, ""random"": 5, ""tumor_jitter"": 24, ""foreground"": 13, ""et_jitter"": 2}",0.307254477612563,"{""tumor_jitter"": 138, ""foreground"": 62, ""et_jitter"": 44, ""random"": 23, ""tumor_jitter_no_et"": 1}",0.2849582548997256,"{""tumor_jitter"": 187, ""et_jitter"": 62, ""foreground"": 82, ""random"": 27}"
58,5.376462105151742e-05,0.29937230327299663,0.8885177999734879,0.8671221143341556,0.8381632252304582,0.8646010465127006,0.3701419031454457,"{""tumor_jitter"": 34, ""random"": 4, ""et_jitter"": 19, ""foreground"": 15}",0.7931247820024905,"{""tumor_jitter"": 21, ""foreground"": 6, ""et_jitter"": 8, ""random"": 5, ""tumor_jitter_no_et"": 6}",0.292123149691233,"{""tumor_jitter"": 118, ""foreground"": 63, ""et_jitter"": 64, ""random"": 23}",0.2767785937426476,"{""tumor_jitter"": 188, ""et_jitter"": 64, ""random"": 27, ""foreground"": 79}"
59,5.245968314210034e-05,0.29951723704025857,0.902251482577551,0.8703500628514337,0.8375422834873569,0.8700479429721139,0.4001193154189322,"{""tumor_jitter"": 36, ""foreground"": 15, ""et_jitter"": 15, ""random"": 6}",0.8067703506220942,"{""tumor_jitter"": 27, ""random"": 1, ""foreground"": 8, ""tumor_jitter_no_et"": 2, ""et_jitter"": 8}",0.3038884430790125,"{""random"": 29, ""foreground"": 50, ""et_jitter"": 45, ""tumor_jitter"": 143, ""tumor_jitter_no_et"": 1}",0.27603360105243474,"{""foreground"": 69, ""tumor_jitter"": 187, ""et_jitter"": 67, ""random"": 35}"
60,5.115337949763257e-05,0.30328477205974713,0.8714702265603201,0.8672884138040466,0.8358220802688687,0.8581935735444118,0.381473771813843,"{""random"": 11, ""foreground"": 14, ""tumor_jitter"": 33, ""et_jitter"": 14}",0.7940234515977942,"{""tumor_jitter"": 16, ""tumor_jitter_no_et"": 3, ""foreground"": 14, ""random"": 6, ""et_jitter"": 7}",0.2997092178174809,"{""et_jitter"": 56, ""tumor_jitter"": 122, ""foreground"": 57, ""random"": 30, ""tumor_jitter_no_et"": 3}",0.27381439827507437,"{""tumor_jitter"": 181, ""foreground"": 69, ""et_jitter"": 72, ""random"": 35, ""tumor_jitter_no_et"": 1}"
61,4.9846620502367434e-05,0.301211911156064,0.9072546885127113,0.8684696842530384,0.8402424800117857,0.8719889509258452,0.40871256879634327,"{""foreground"": 23, ""et_jitter"": 10, ""tumor_jitter"": 28, ""random"": 11}",0.8207189077916353,"{""foreground"": 9, ""tumor_jitter"": 26, ""random"": 4, ""et_jitter"": 5, ""tumor_jitter_no_et"": 2}",0.30762590212163643,"{""foreground"": 65, ""tumor_jitter"": 128, ""et_jitter"": 49, ""random"": 25, ""tumor_jitter_no_et"": 1}",0.26769068991172246,"{""tumor_jitter"": 181, ""foreground"": 67, ""et_jitter"": 73, ""random"": 36, ""tumor_jitter_no_et"": 1}"
62,4.854031685789967e-05,0.29396016182644025,0.8897075513998668,0.8589237348082298,0.8122097155803925,0.8536136672628297,0.36496681885586846,"{""tumor_jitter"": 39, ""random"": 5, ""foreground"": 15, ""et_jitter"": 13}",0.8357866432355798,"{""tumor_jitter"": 26, ""foreground"": 7, ""random"": 7, ""et_jitter"": 4, ""tumor_jitter_no_et"": 2}",0.3100826559004499,"{""tumor_jitter"": 136, ""foreground"": 56, ""random"": 32, ""et_jitter"": 43, ""tumor_jitter_no_et"": 1}",0.2753111075963721,"{""tumor_jitter"": 172, ""foreground"": 80, ""et_jitter"": 73, ""random"": 33}"
63,4.7235378948482576e-05,0.29631831663705055,0.9046224139985584,0.8684936153759999,0.8511939508171993,0.8747699933972525,0.3434402325914966,"{""tumor_jitter"": 42, ""et_jitter"": 17, ""foreground"": 11, ""random"": 2}",0.7726431203925092,"{""et_jitter"": 7, ""tumor_jitter"": 27, ""foreground"": 8, ""random"": 2, ""tumor_jitter_no_et"": 2}",0.2886094576053655,"{""et_jitter"": 65, ""tumor_jitter"": 127, ""foreground"": 54, ""random"": 21, ""tumor_jitter_no_et"": 1}",0.2673133038525475,"{""foreground"": 68, ""tumor_jitter"": 187, ""random"": 34, ""et_jitter"": 69}"
64,4.5932716206566554e-05,0.28662212281709626,0.9088554031792141,0.8695177765607479,0.8307512289843316,0.8697081362414312,0.3951649454732736,"{""et_jitter"": 17, ""foreground"": 14, ""tumor_jitter"": 33, ""random"": 8}",0.7535514287326647,"{""tumor_jitter"": 19, ""foreground"": 14, ""random"": 5, ""et_jitter"": 7, ""tumor_jitter_no_et"": 1}",0.29874550684619305,"{""tumor_jitter"": 145, ""et_jitter"": 51, ""random"": 25, ""foreground"": 47}",0.2862698340882136,"{""tumor_jitter"": 177, ""et_jitter"": 70, ""foreground"": 83, ""random"": 28}"
65,4.463323647900072e-05,0.28933479296309605,0.8958570376748131,0.8657073729577297,0.8363525955032146,0.8659723353785859,0.3817160444127189,"{""tumor_jitter"": 33, ""foreground"": 15, ""random"": 6, ""et_jitter"": 18}",0.7179612595102062,"{""tumor_jitter"": 20, ""et_jitter"": 9, ""tumor_jitter_no_et"": 3, ""foreground"": 10, ""random"": 4}",0.29877972391559116,"{""tumor_jitter"": 126, ""foreground"": 66, ""et_jitter"": 45, ""random"": 30, ""tumor_jitter_no_et"": 1}",0.2710732383102012,"{""et_jitter"": 76, ""tumor_jitter"": 166, ""foreground"": 77, ""random"": 39}"
66,4.333784539433976e-05,0.3013735405391171,0.9129502532028017,0.871355760311698,0.8435394177187561,0.875948477077752,0.36522384981314343,"{""tumor_jitter"": 47, ""et_jitter"": 15, ""random"": 5, ""foreground"": 5}",0.8444146436193715,"{""foreground"": 13, ""tumor_jitter"": 19, ""random"": 5, ""tumor_jitter_no_et"": 5, ""et_jitter"": 4}",0.28567542730649903,"{""tumor_jitter"": 143, ""et_jitter"": 50, ""foreground"": 52, ""random"": 21, ""tumor_jitter_no_et"": 2}",0.26999790695958964,"{""tumor_jitter"": 169, ""foreground"": 70, ""random"": 32, ""et_jitter"": 87}"
67,4.204744573169659e-05,0.28509731463023597,0.8982834349075953,0.8787745853357125,0.8437553652495142,0.8736044618309405,0.3488127415378888,"{""foreground"": 13, ""et_jitter"": 15, ""tumor_jitter"": 39, ""random"": 5}",0.8576282081396683,"{""foreground"": 3, ""tumor_jitter"": 29, ""et_jitter"": 5, ""tumor_jitter_no_et"": 5, ""random"": 4}",0.2903513125519254,"{""et_jitter"": 52, ""foreground"": 46, ""tumor_jitter"": 146, ""random"": 24}",0.2691309700548316,"{""et_jitter"": 79, ""tumor_jitter"": 194, ""random"": 24, ""foreground"": 61}"
68,4.0762936791581015e-05,0.28461435919716244,0.9034003061907632,0.8745208676868407,0.8395580116705446,0.8724930618493829,0.3413059475521247,"{""tumor_jitter"": 46, ""foreground"": 9, ""et_jitter"": 12, ""random"": 5}",0.7435623018637948,"{""tumor_jitter"": 26, ""random"": 5, ""foreground"": 9, ""et_jitter"": 4, ""tumor_jitter_no_et"": 2}",0.2726928084643919,"{""tumor_jitter"": 148, ""foreground"": 59, ""et_jitter"": 46, ""random"": 14, ""tumor_jitter_no_et"": 1}",0.28024664920801556,"{""random"": 34, ""tumor_jitter"": 186, ""et_jitter"": 71, ""foreground"": 67}"
69,3.948521376916244e-05,0.2863459343711535,0.9009861134347461,0.8756717619491696,0.8399382477087776,0.8721987076975645,0.34876858815550804,"{""tumor_jitter"": 42, ""foreground"": 16, ""et_jitter"": 7, ""random"": 7}",0.8188101960265118,"{""tumor_jitter"": 26, ""random"": 3, ""et_jitter"": 6, ""tumor_jitter_no_et"": 4, ""foreground"": 7}",0.3091944091355623,"{""tumor_jitter"": 126, ""et_jitter"": 56, ""foreground"": 51, ""random"": 33, ""tumor_jitter_no_et"": 2}",0.269839893631096,"{""tumor_jitter"": 170, ""foreground"": 84, ""random"": 31, ""et_jitter"": 73}"
70,3.821516713039392e-05,0.2838501888726439,0.9037113469271433,0.876476939461474,0.8417351878852931,0.8739744914246367,0.39315522296561134,"{""foreground"": 19, ""tumor_jitter"": 34, ""et_jitter"": 13, ""random"": 6}",0.7509099957735642,"{""tumor_jitter"": 23, ""random"": 2, ""foreground"": 16, ""tumor_jitter_no_et"": 2, ""et_jitter"": 3}",0.3005431499054183,"{""foreground"": 66, ""random"": 24, ""tumor_jitter"": 126, ""et_jitter"": 51, ""tumor_jitter_no_et"": 1}",0.2642367194567979,"{""et_jitter"": 83, ""random"": 45, ""foreground"": 65, ""tumor_jitter"": 165}"
71,3.69536819914319e-05,0.28357596390304113,0.9040874580542246,0.8775313497312442,0.8428680314902922,0.8748289464252537,0.3681677323248651,"{""random"": 7, ""tumor_jitter"": 31, ""et_jitter"": 15, ""foreground"": 19}",0.7531681903030562,"{""foreground"": 5, ""tumor_jitter"": 24, ""et_jitter"": 7, ""random"": 8, ""tumor_jitter_no_et"": 2}",0.2826545803404566,"{""tumor_jitter"": 123, ""random"": 28, ""foreground"": 57, ""et_jitter"": 59, ""tumor_jitter_no_et"": 1}",0.2777189184084285,"{""tumor_jitter"": 174, ""foreground"": 74, ""et_jitter"": 69, ""random"": 41}"
72,3.570163750178437e-05,0.28412355333566663,0.9093602332330886,0.8718359538481482,0.8326013956800271,0.8712658609204214,0.3702724563578765,"{""random"": 8, ""foreground"": 16, ""tumor_jitter"": 27, ""et_jitter"": 21}",0.7485046464463939,"{""foreground"": 10, ""tumor_jitter_no_et"": 2, ""tumor_jitter"": 25, ""random"": 3, ""et_jitter"": 6}",0.28546532154528065,"{""tumor_jitter"": 133, ""foreground"": 53, ""et_jitter"": 55, ""random"": 27}",0.2629605210360202,"{""tumor_jitter"": 183, ""foreground"": 68, ""et_jitter"": 74, ""random"": 33}"
73,3.44599062316173e-05,0.297211984119245,0.9118975985617864,0.8720225785209114,0.8420174071502239,0.8753125280776405,0.3884599022567272,"{""random"": 5, ""tumor_jitter"": 31, ""foreground"": 20, ""et_jitter"": 16}",0.83115502803222,"{""random"": 8, ""tumor_jitter"": 23, ""foreground"": 3, ""tumor_jitter_no_et"": 5, ""et_jitter"": 7}",0.28684048999601336,"{""random"": 28, ""tumor_jitter"": 137, ""et_jitter"": 55, ""foreground"": 47, ""tumor_jitter_no_et"": 1}",0.2706676405235376,"{""foreground"": 69, ""random"": 38, ""tumor_jitter"": 179, ""et_jitter"": 72}"
74,3.322935356364625e-05,0.28516389713400886,0.9024716111875716,0.8700491719904849,0.8369470789031008,0.8698226206937191,0.342906823174821,"{""tumor_jitter"": 40, ""random"": 5, ""foreground"": 18, ""et_jitter"": 9}",0.834527648013571,"{""tumor_jitter"": 20, ""foreground"": 13, ""random"": 5, ""et_jitter"": 4, ""tumor_jitter_no_et"": 4}",0.26568066434406523,"{""tumor_jitter"": 146, ""et_jitter"": 56, ""foreground"": 45, ""random"": 20, ""tumor_jitter_no_et"": 1}",0.2705537754646893,"{""et_jitter"": 75, ""tumor_jitter"": 183, ""foreground"": 66, ""random"": 34}"
75,3.201083709003717e-05,0.2915798048533145,0.8921242515246074,0.8701265735772251,0.8422597071176765,0.8681701774065029,0.3919987637135718,"{""tumor_jitter"": 45, ""foreground"": 9, ""random"": 8, ""et_jitter"": 10}",0.8367784023284912,"{""random"": 4, ""tumor_jitter"": 28, ""foreground"": 5, ""et_jitter"": 6, ""tumor_jitter_no_et"": 3}",0.26580643414783833,"{""tumor_jitter"": 137, ""random"": 24, ""foreground"": 56, ""et_jitter"": 51}",0.27556818519724147,"{""foreground"": 76, ""et_jitter"": 63, ""tumor_jitter"": 185, ""random"": 34}"
76,3.0805206014736426e-05,0.2921274530745688,0.9006388958011354,0.8716580543277831,0.8441163780009636,0.872137776043294,0.3402230420874225,"{""tumor_jitter"": 34, ""random"": 6, ""et_jitter"": 18, ""foreground"": 14}",0.8312283858009006,"{""random"": 4, ""et_jitter"": 6, ""tumor_jitter"": 23, ""foreground"": 10, ""tumor_jitter_no_et"": 3}",0.29167465359639766,"{""tumor_jitter"": 143, ""et_jitter"": 53, ""foreground"": 40, ""random"": 32}",0.28057545752332197,"{""foreground"": 74, ""et_jitter"": 96, ""tumor_jitter"": 154, ""random"": 34}"
77,2.9613300561646686e-05,0.2911463651983511,0.9052958224500929,0.865534330858472,0.8342663309240219,0.8683654947441957,0.3579177496333917,"{""et_jitter"": 17, ""tumor_jitter"": 35, ""random"": 8, ""foreground"": 12}",0.8630465631899626,"{""et_jitter"": 7, ""tumor_jitter"": 20, ""foreground"": 13, ""tumor_jitter_no_et"": 3, ""random"": 3}",0.2802176021261891,"{""foreground"": 57, ""tumor_jitter"": 134, ""et_jitter"": 53, ""random"": 22, ""tumor_jitter_no_et"": 2}",0.26681740119970043,"{""tumor_jitter"": 165, ""et_jitter"": 79, ""foreground"": 69, ""random"": 45}"
78,2.843595138906136e-05,0.28381715541084607,0.9075450753881817,0.8755981431843707,0.842630508664108,0.8752579090788868,0.3618126441207197,"{""tumor_jitter"": 40, ""et_jitter"": 14, ""foreground"": 14, ""random"": 4}",0.8902545078941013,"{""foreground"": 10, ""tumor_jitter_no_et"": 4, ""tumor_jitter"": 20, ""random"": 7, ""et_jitter"": 5}",0.26362503787030034,"{""random"": 27, ""foreground"": 53, ""tumor_jitter"": 127, ""et_jitter"": 59, ""tumor_jitter_no_et"": 2}",0.2706359846298921,"{""foreground"": 66, ""et_jitter"": 78, ""random"": 40, ""tumor_jitter"": 173, ""tumor_jitter_no_et"": 1}"
79,2.727397901076523e-05,0.28979044393414544,0.906200362103326,0.8734363236030958,0.8433203993844437,0.8743190283636219,0.34394458308815956,"{""foreground"": 21, ""tumor_jitter"": 29, ""et_jitter"": 18, ""random"": 4}",0.815099324869073,"{""et_jitter"": 11, ""foreground"": 8, ""random"": 3, ""tumor_jitter"": 18, ""tumor_jitter_no_et"": 6}",0.28647338476643636,"{""tumor_jitter"": 124, ""foreground"": 51, ""et_jitter"": 58, ""random"": 35}",0.2576082339250176,"{""tumor_jitter"": 188, ""et_jitter"": 70, ""foreground"": 67, ""random"": 33}"
80,2.6128193224205063e-05,0.287205681098359,0.9022830845344634,0.8716023486743898,0.8420241717621374,0.8719698683236635,0.37733694828218883,"{""tumor_jitter"": 35, ""foreground"": 12, ""et_jitter"": 18, ""random"": 7}",0.8748182200867197,"{""foreground"": 14, ""et_jitter"": 6, ""tumor_jitter"": 20, ""tumor_jitter_no_et"": 4, ""random"": 2}",0.2780553456117858,"{""tumor_jitter"": 130, ""random"": 31, ""foreground"": 51, ""et_jitter"": 56}",0.27552188470876415,"{""random"": 45, ""tumor_jitter"": 180, ""foreground"": 66, ""et_jitter"": 67}"
81,2.4999392546128645e-05,0.28512973703798794,0.9068470165843056,0.8748148958729725,0.8448235315896372,0.8754951480156383,0.3759741331968043,"{""et_jitter"": 15, ""random"": 10, ""tumor_jitter"": 36, ""foreground"": 11}",0.7818560185639755,"{""random"": 10, ""foreground"": 9, ""tumor_jitter"": 22, ""tumor_jitter_no_et"": 3, ""et_jitter"": 2}",0.26652919100736505,"{""random"": 18, ""tumor_jitter"": 139, ""et_jitter"": 55, ""foreground"": 55, ""tumor_jitter_no_et"": 1}",0.2533091280879921,"{""et_jitter"": 75, ""random"": 38, ""tumor_jitter"": 171, ""tumor_jitter_no_et"": 1, ""foreground"": 73}"
82,2.3888363656085417e-05,0.2842656440678097,0.9025648615189961,0.8735501319285223,0.845134104463996,0.8737496993038381,0.35842058973179924,"{""foreground"": 14, ""tumor_jitter"": 38, ""et_jitter"": 14, ""random"": 6}",0.809299305729244,"{""random"": 6, ""tumor_jitter"": 23, ""foreground"": 10, ""tumor_jitter_no_et"": 1, ""et_jitter"": 6}",0.26124817555520075,"{""tumor_jitter"": 124, ""random"": 23, ""foreground"": 68, ""et_jitter"": 53}",0.24970870831325734,"{""tumor_jitter"": 198, ""foreground"": 59, ""et_jitter"": 62, ""random"": 38, ""tumor_jitter_no_et"": 1}"
83,2.279588084817676e-05,0.2905830958769435,0.9093379879281634,0.8738967588375279,0.8453096794893685,0.8761814754183533,0.3892473243176937,"{""et_jitter"": 16, ""foreground"": 12, ""random"": 11, ""tumor_jitter"": 33}",0.7826460716517075,"{""foreground"": 9, ""tumor_jitter"": 24, ""random"": 3, ""tumor_jitter_no_et"": 3, ""et_jitter"": 7}",0.28007533034281945,"{""random"": 27, ""tumor_jitter"": 130, ""et_jitter"": 56, ""foreground"": 54, ""tumor_jitter_no_et"": 1}",0.2640408029436399,"{""tumor_jitter"": 184, ""et_jitter"": 63, ""foreground"": 73, ""random"": 38}"
84,2.1722705491437747e-05,0.2738619157246181,0.9023773725543703,0.8815450249793468,0.8441335777913924,0.8760186584417031,0.3605264433556133,"{""foreground"": 18, ""et_jitter"": 15, ""tumor_jitter"": 28, ""random"": 11}",0.7461440900097722,"{""foreground"": 6, ""tumor_jitter"": 24, ""random"": 8, ""et_jitter"": 5, ""tumor_jitter_no_et"": 3}",0.2727645954200581,"{""tumor_jitter"": 133, ""random"": 28, ""foreground"": 52, ""et_jitter"": 54, ""tumor_jitter_no_et"": 1}",0.25227796569383343,"{""foreground"": 69, ""tumor_jitter"": 177, ""et_jitter"": 76, ""random"": 36}"
85,2.0669585499226815e-05,0.28184383511543276,0.9066735693386623,0.8746378984572727,0.8448120437805,0.8753745038588118,0.3542526852753427,"{""et_jitter"": 10, ""foreground"": 12, ""tumor_jitter"": 42, ""random"": 8}",0.7756750324498052,"{""tumor_jitter"": 19, ""foreground"": 11, ""tumor_jitter_no_et"": 4, ""et_jitter"": 9, ""random"": 3}",0.2826330000673657,"{""foreground"": 57, ""tumor_jitter"": 126, ""et_jitter"": 55, ""random"": 29, ""tumor_jitter_no_et"": 1}",0.24429787016947177,"{""tumor_jitter"": 205, ""et_jitter"": 64, ""foreground"": 56, ""random"": 33}"
86,1.9637254807992694e-05,0.27382972346884865,0.8975805617514111,0.8783833344560029,0.8433092374366099,0.873091044548008,0.37550682574510574,"{""foreground"": 18, ""tumor_jitter"": 36, ""random"": 7, ""et_jitter"": 11}",0.8010389195836108,"{""foreground"": 9, ""random"": 9, ""tumor_jitter"": 21, ""tumor_jitter_no_et"": 1, ""et_jitter"": 6}",0.2617950929857012,"{""tumor_jitter"": 145, ""foreground"": 49, ""random"": 25, ""et_jitter"": 48, ""tumor_jitter_no_et"": 1}",0.2552560673162924,"{""tumor_jitter"": 185, ""et_jitter"": 65, ""random"": 35, ""foreground"": 72, ""tumor_jitter_no_et"": 1}"
87,1.862643286578218e-05,0.28294171407109214,0.9053523994627453,0.8742964135642478,0.8430590643318884,0.8742359591196273,0.35498010408547187,"{""foreground"": 14, ""et_jitter"": 9, ""random"": 5, ""tumor_jitter"": 44}",0.8198955732843151,"{""tumor_jitter"": 33, ""random"": 1, ""et_jitter"": 5, ""tumor_jitter_no_et"": 3, ""foreground"": 4}",0.25394025945396564,"{""foreground"": 48, ""et_jitter"": 60, ""tumor_jitter"": 138, ""random"": 20, ""tumor_jitter_no_et"": 2}",0.26097423641541817,"{""tumor_jitter"": 185, ""foreground"": 69, ""random"": 39, ""et_jitter"": 65}"
88,1.7637824130845097e-05,0.2819124514148349,0.907181816583588,0.87715371626118,0.8439475048267422,0.8760943458905034,0.34651754258407486,"{""tumor_jitter"": 37, ""et_jitter"": 14, ""random"": 3, ""foreground"": 18}",0.8788188955058223,"{""tumor_jitter"": 24, ""foreground"": 10, ""random"": 5, ""et_jitter"": 4, ""tumor_jitter_no_et"": 3}",0.2669703653499262,"{""tumor_jitter"": 145, ""foreground"": 54, ""et_jitter"": 47, ""random"": 22}",0.24873776875394682,"{""tumor_jitter"": 182, ""foreground"": 73, ""et_jitter"": 72, ""random"": 31}"
89,1.667211758068584e-05,0.288482490891502,0.907510114851452,0.8730067017536872,0.845479730463452,0.875332182356197,0.3545265266050895,"{""et_jitter"": 10, ""foreground"": 14, ""tumor_jitter"": 40, ""random"": 8}",0.8114111889963564,"{""foreground"": 10, ""tumor_jitter"": 25, ""et_jitter"": 5, ""tumor_jitter_no_et"": 4, ""random"": 2}",0.2695676699947955,"{""tumor_jitter"": 148, ""et_jitter"": 48, ""foreground"": 47, ""random"": 25}",0.2552213041559278,"{""foreground"": 77, ""tumor_jitter"": 173, ""et_jitter"": 77, ""random"": 31}"
90,1.5729986231903874e-05,0.2869148555610861,0.9075920916738964,0.8722829423494366,0.8464694807802116,0.8754481716011816,0.373809989541769,"{""et_jitter"": 16, ""tumor_jitter"": 36, ""foreground"": 11, ""random"": 9}",0.9230442915273749,"{""tumor_jitter"": 30, ""et_jitter"": 5, ""foreground"": 7, ""random"": 2, ""tumor_jitter_no_et"": 2}",0.2670987199491529,"{""et_jitter"": 51, ""foreground"": 58, ""tumor_jitter"": 137, ""random"": 21, ""tumor_jitter_no_et"": 1}",0.24885732320517134,"{""random"": 40, ""tumor_jitter"": 185, ""foreground"": 63, ""et_jitter"": 70}"
91,1.4812086671157384e-05,0.2759798035735176,0.8997077555883498,0.8772789162854076,0.8428116864039807,0.8732661194259128,0.36596256411737865,"{""et_jitter"": 17, ""tumor_jitter"": 40, ""random"": 9, ""foreground"": 6}",0.8444945358711741,"{""et_jitter"": 9, ""random"": 2, ""tumor_jitter"": 22, ""foreground"": 11, ""tumor_jitter_no_et"": 2}",0.2599686191820387,"{""tumor_jitter"": 130, ""random"": 34, ""et_jitter"": 46, ""foreground"": 58}",0.24962895692393766,"{""tumor_jitter"": 180, ""et_jitter"": 70, ""random"": 43, ""foreground"": 65}"
92,1.3919058597577382e-05,0.2889014129127775,0.909264208873113,0.8732440224154533,0.8469014479164617,0.8764698930683427,0.3743734984762139,"{""et_jitter"": 19, ""tumor_jitter"": 33, ""random"": 8, ""foreground"": 12}",0.8488582916881727,"{""foreground"": 11, ""random"": 6, ""tumor_jitter"": 21, ""tumor_jitter_no_et"": 3, ""et_jitter"": 5}",0.2567269907180053,"{""tumor_jitter"": 132, ""random"": 30, ""foreground"": 55, ""et_jitter"": 51}",0.24879351703647795,"{""random"": 28, ""tumor_jitter"": 190, ""foreground"": 72, ""et_jitter"": 67, ""tumor_jitter_no_et"": 1}"
93,1.3051524376951062e-05,0.28239059068617367,0.9075568792365846,0.8741659089217657,0.8441754580319455,0.8752994153967654,0.36259782479868996,"{""foreground"": 19, ""tumor_jitter"": 28, ""et_jitter"": 21, ""random"": 4}",0.9626116065875344,"{""random"": 6, ""foreground"": 6, ""et_jitter"": 8, ""tumor_jitter"": 23, ""tumor_jitter_no_et"": 3}",0.2691263708272087,"{""foreground"": 56, ""random"": 26, ""tumor_jitter"": 127, ""et_jitter"": 57, ""tumor_jitter_no_et"": 2}",0.26528985111573555,"{""tumor_jitter"": 179, ""foreground"": 72, ""random"": 42, ""et_jitter"": 65}"
94,1.2210088607984873e-05,0.280889514620815,0.9090969619296846,0.8781600256543503,0.8464549849934626,0.8779039908591658,0.3567259506218963,"{""foreground"": 13, ""random"": 6, ""tumor_jitter"": 37, ""et_jitter"": 16}",0.875093400478363,"{""tumor_jitter"": 25, ""random"": 5, ""tumor_jitter_no_et"": 5, ""et_jitter"": 4, ""foreground"": 7}",0.26468376470590704,"{""tumor_jitter"": 131, ""foreground"": 55, ""et_jitter"": 51, ""random"": 30, ""tumor_jitter_no_et"": 1}",0.25623712863502557,"{""random"": 33, ""tumor_jitter"": 178, ""et_jitter"": 77, ""foreground"": 69, ""tumor_jitter_no_et"": 1}"
95,1.13953377009499e-05,0.2813781097531319,0.9034517549333119,0.8750537109787339,0.8466171044567329,0.8750408567895929,0.3594808226658238,"{""tumor_jitter"": 40, ""foreground"": 17, ""et_jitter"": 9, ""random"": 6}",0.9035141299600187,"{""tumor_jitter"": 26, ""foreground"": 7, ""random"": 5, ""et_jitter"": 6, ""tumor_jitter_no_et"": 2}",0.2660011355556659,"{""foreground"": 58, ""tumor_jitter"": 122, ""random"": 29, ""et_jitter"": 59}",0.24738766032390755,"{""et_jitter"": 92, ""tumor_jitter"": 166, ""random"": 37, ""foreground"": 63}"
96,1.0607839469002975e-05,0.28534306230999174,0.9020082279330208,0.8733648396567125,0.8474864419875187,0.8742865031924173,0.3678102385666635,"{""tumor_jitter"": 40, ""random"": 9, ""foreground"": 15, ""et_jitter"": 8}",1.0188445578450742,"{""tumor_jitter"": 25, ""foreground"": 10, ""et_jitter"": 2, ""random"": 6, ""tumor_jitter_no_et"": 3}",0.2584291798854942,"{""tumor_jitter"": 145, ""random"": 26, ""foreground"": 57, ""et_jitter"": 40}",0.25011548272974,"{""foreground"": 78, ""et_jitter"": 73, ""random"": 32, ""tumor_jitter"": 174, ""tumor_jitter_no_et"": 1}"
97,9.848142732468478e-06,0.2818864029433046,0.9046397358179092,0.8760718930467113,0.8446244389919043,0.8751120226188416,0.38128628126449055,"{""foreground"": 11, ""random"": 9, ""et_jitter"": 21, ""tumor_jitter"": 31}",0.9664191422255143,"{""tumor_jitter"": 16, ""foreground"": 13, ""et_jitter"": 8, ""random"": 5, ""tumor_jitter_no_et"": 4}",0.2710115038303297,"{""tumor_jitter"": 129, ""et_jitter"": 50, ""foreground"": 55, ""random"": 33, ""tumor_jitter_no_et"": 1}",0.2551761779871733,"{""tumor_jitter"": 170, ""foreground"": 75, ""et_jitter"": 80, ""random"": 32, ""tumor_jitter_no_et"": 1}"
98,9.11677693635652e-06,0.27868411920609926,0.9109691571621668,0.8787879099608082,0.8446471081564252,0.8781347250931334,0.3744938617779149,"{""foreground"": 13, ""tumor_jitter"": 38, ""random"": 9, ""et_jitter"": 12}",0.955512619536856,"{""tumor_jitter"": 28, ""et_jitter"": 7, ""random"": 4, ""tumor_jitter_no_et"": 4, ""foreground"": 3}",0.26061947121104195,"{""tumor_jitter"": 126, ""foreground"": 68, ""et_jitter"": 47, ""random"": 26, ""tumor_jitter_no_et"": 1}",0.245652016980688,"{""tumor_jitter"": 173, ""random"": 30, ""foreground"": 78, ""et_jitter"": 77}"
99,8.414251781384109e-06,0.283918906641858,0.909605180933362,0.8745870601212787,0.8472482874451158,0.8771468428332522,0.35877979960706496,"{""tumor_jitter"": 37, ""foreground"": 20, ""random"": 7, ""et_jitter"": 8}",0.8846925121286641,"{""tumor_jitter"": 28, ""foreground"": 7, ""random"": 4, ""et_jitter"": 7}",0.26524972637642674,"{""random"": 33, ""tumor_jitter"": 124, ""et_jitter"": 57, ""foreground"": 52, ""tumor_jitter_no_et"": 2}",0.2532933180808355,"{""foreground"": 61, ""random"": 39, ""tumor_jitter"": 184, ""et_jitter"": 73, ""tumor_jitter_no_et"": 1}"
100,7.74105686875639e-06,0.28854813777974675,0.9071992581798917,0.8733068587307156,0.8477011223430944,0.8760690797512339,0.3514640794859992,"{""tumor_jitter"": 35, ""foreground"": 11, ""random"": 12, ""et_jitter"": 14}",0.9704037775164065,"{""tumor_jitter"": 29, ""foreground"": 8, ""random"": 2, ""tumor_jitter_no_et"": 3, ""et_jitter"": 4}",0.2514204797126464,"{""tumor_jitter"": 139, ""foreground"": 54, ""random"": 32, ""et_jitter"": 43}",0.24700748237817646,"{""tumor_jitter"": 179, ""random"": 33, ""et_jitter"": 72, ""foreground"": 74}"
101,7.097661358955718e-06,0.27918794864699953,0.9044436491671063,0.8761846712306932,0.8445867798248387,0.8750717000742126,0.36944348365068436,"{""foreground"": 20, ""tumor_jitter"": 35, ""et_jitter"": 11, ""random"": 6}",1.0568878339684529,"{""et_jitter"": 9, ""random"": 5, ""tumor_jitter"": 22, ""foreground"": 9, ""tumor_jitter_no_et"": 1}",0.24500596656728146,"{""foreground"": 57, ""random"": 33, ""tumor_jitter"": 118, ""et_jitter"": 56, ""tumor_jitter_no_et"": 4}",0.24300284621269344,"{""foreground"": 72, ""random"": 34, ""et_jitter"": 74, ""tumor_jitter"": 177, ""tumor_jitter_no_et"": 1}"
102,6.484513644775934e-06,0.28438234304388366,0.9057235607079097,0.8749600865572066,0.8469691478588531,0.8758842650413232,0.33725176917182076,"{""tumor_jitter"": 38, ""et_jitter"": 15, ""random"": 2, ""foreground"": 17}",0.9859365380328634,"{""tumor_jitter"": 20, ""foreground"": 12, ""random"": 9, ""et_jitter"": 4, ""tumor_jitter_no_et"": 1}",0.24715382489028262,"{""tumor_jitter"": 129, ""et_jitter"": 68, ""foreground"": 51, ""random"": 20}",0.2503469136007671,"{""tumor_jitter"": 178, ""foreground"": 71, ""random"": 36, ""et_jitter"": 73}"
103,5.902041038830258e-06,0.2840132985086668,0.9092669284059888,0.8747429885418014,0.8469412616733916,0.8769837262070607,0.40195383835170007,"{""foreground"": 15, ""tumor_jitter"": 34, ""random"": 9, ""et_jitter"": 14}",0.9760203672491986,"{""random"": 4, ""foreground"": 11, ""tumor_jitter"": 21, ""et_jitter"": 8, ""tumor_jitter_no_et"": 2}",0.2514839485398869,"{""foreground"": 48, ""random"": 28, ""et_jitter"": 56, ""tumor_jitter"": 134, ""tumor_jitter_no_et"": 2}",0.2541255551135407,"{""tumor_jitter"": 186, ""random"": 35, ""et_jitter"": 59, ""foreground"": 78}"
104,5.350649475750107e-06,0.28412087002680414,0.9095953085592815,0.8756063635864515,0.8476040609461141,0.8776019110306157,0.37491024161378544,"{""tumor_jitter"": 41, ""et_jitter"": 17, ""random"": 6, ""foreground"": 8}",1.0231152021366616,"{""et_jitter"": 10, ""foreground"": 9, ""random"": 4, ""tumor_jitter"": 20, ""tumor_jitter_no_et"": 3}",0.2617712795956811,"{""et_jitter"": 59, ""tumor_jitter"": 132, ""random"": 27, ""foreground"": 49, ""tumor_jitter_no_et"": 1}",0.2551961383007092,"{""et_jitter"": 75, ""tumor_jitter"": 152, ""foreground"": 88, ""random"": 43}"
105,4.830723229282697e-06,0.2803676642832302,0.9088644429331734,0.8759813899888249,0.8462495148981781,0.8770317826067254,0.3472081712550587,"{""et_jitter"": 15, ""tumor_jitter"": 34, ""foreground"": 19, ""random"": 4}",1.0453364408534507,"{""foreground"": 8, ""tumor_jitter"": 20, ""random"": 9, ""tumor_jitter_no_et"": 4, ""et_jitter"": 5}",0.24846398758132066,"{""tumor_jitter"": 135, ""foreground"": 59, ""et_jitter"": 49, ""tumor_jitter_no_et"": 1, ""random"": 24}",0.24319324280296625,"{""random"": 34, ""et_jitter"": 69, ""tumor_jitter"": 185, ""foreground"": 70}"
106,4.342624644484393e-06,0.28242770266674816,0.9052194789761588,0.8750093425916678,0.8465829071132414,0.8756039095603562,0.37430651692880523,"{""tumor_jitter"": 36, ""et_jitter"": 17, ""random"": 9, ""foreground"": 10}",0.953238114066746,"{""tumor_jitter_no_et"": 2, ""tumor_jitter"": 20, ""foreground"": 10, ""random"": 5, ""et_jitter"": 9}",0.2500741931595909,"{""tumor_jitter"": 140, ""foreground"": 56, ""random"": 24, ""et_jitter"": 48}",0.23438207451358187,"{""et_jitter"": 86, ""random"": 25, ""tumor_jitter"": 178, ""foreground"": 68, ""tumor_jitter_no_et"": 1}"
107,3.886693885196527e-06,0.28230587378853844,0.9071065496830714,0.8752675307098502,0.8459177386896185,0.8760972730275133,0.3760293523470561,"{""tumor_jitter"": 43, ""random"": 7, ""et_jitter"": 12, ""foreground"": 10}",1.0437626268552698,"{""tumor_jitter_no_et"": 4, ""tumor_jitter"": 24, ""et_jitter"": 7, ""foreground"": 9, ""random"": 2}",0.24627149544322668,"{""foreground"": 69, ""tumor_jitter"": 134, ""et_jitter"": 45, ""random"": 20}",0.24158437518850384,"{""tumor_jitter"": 179, ""random"": 31, ""et_jitter"": 73, ""foreground"": 74, ""tumor_jitter_no_et"": 1}"
108,3.4632486969797585e-06,0.2830246605688617,0.9108250495933351,0.8755072945090183,0.8472149551991054,0.877849099767153,0.3716786238882277,"{""tumor_jitter"": 36, ""et_jitter"": 10, ""random"": 8, ""foreground"": 18}",1.0417523669159932,"{""tumor_jitter"": 26, ""random"": 5, ""et_jitter"": 5, ""tumor_jitter_no_et"": 3, ""foreground"": 7}",0.2422727395349474,"{""tumor_jitter"": 131, ""foreground"": 64, ""et_jitter"": 52, ""random"": 20, ""tumor_jitter_no_et"": 1}",0.2424584278347772,"{""tumor_jitter"": 182, ""foreground"": 78, ""et_jitter"": 62, ""random"": 36}"
109,3.0725841856719357e-06,0.2825525955430099,0.9061933697689147,0.8759207853142611,0.8468531935349217,0.8763224495393658,0.36738411254352993,"{""et_jitter"": 12, ""tumor_jitter"": 39, ""random"": 9, ""foreground"": 12}",1.142918532309325,"{""tumor_jitter"": 25, ""tumor_jitter_no_et"": 4, ""foreground"": 6, ""et_jitter"": 3, ""random"": 8}",0.26739645026513,"{""tumor_jitter"": 127, ""foreground"": 52, ""random"": 33, ""et_jitter"": 56}",0.23528126327518645,"{""et_jitter"": 81, ""tumor_jitter"": 171, ""random"": 28, ""foreground"": 78}"
110,2.714972611724087e-06,0.2823138598175276,0.9093989297038033,0.8763020065395685,0.8472725044659469,0.8776578135697729,0.384744075851308,"{""tumor_jitter"": 34, ""et_jitter"": 12, ""foreground"": 17, ""random"": 9}",1.0296247679254282,"{""tumor_jitter"": 25, ""et_jitter"": 7, ""foreground"": 8, ""random"": 6}",0.2486449487284938,"{""tumor_jitter"": 144, ""et_jitter"": 51, ""foreground"": 49, ""random"": 24}",0.2426582716780002,"{""tumor_jitter"": 179, ""foreground"": 73, ""et_jitter"": 72, ""random"": 34}"
111,2.390663200457692e-06,0.28260402214669045,0.9075888534386952,0.8762250400019623,0.8476893581713625,0.87716775053734,0.3727717424432437,"{""tumor_jitter"": 38, ""foreground"": 14, ""et_jitter"": 13, ""random"": 7}",1.0542561761710956,"{""tumor_jitter_no_et"": 3, ""tumor_jitter"": 24, ""et_jitter"": 7, ""foreground"": 7, ""random"": 5}",0.26524513398311034,"{""tumor_jitter"": 123, ""random"": 27, ""et_jitter"": 58, ""foreground"": 59, ""tumor_jitter_no_et"": 1}",0.24359326401735817,"{""tumor_jitter"": 183, ""random"": 34, ""foreground"": 70, ""et_jitter"": 71}"
112,2.0998819683754844e-06,0.28206800875209626,0.9101189755258106,0.8767625472379666,0.8479399889786964,0.8782738372474913,0.37166977259847855,"{""foreground"": 14, ""tumor_jitter"": 38, ""et_jitter"": 13, ""random"": 7}",1.0177417475244273,"{""tumor_jitter"": 21, ""random"": 5, ""foreground"": 13, ""tumor_jitter_no_et"": 4, ""et_jitter"": 3}",0.24062919055125606,"{""foreground"": 65, ""tumor_jitter"": 128, ""et_jitter"": 58, ""random"": 17}",0.24452511787248057,"{""tumor_jitter"": 171, ""foreground"": 74, ""random"": 34, ""et_jitter"": 79}"
113,1.8428315656468617e-06,0.28062954087342534,0.9101647320247832,0.8780756387065647,0.8482455184299107,0.8788286297204196,0.35886277217004037,"{""tumor_jitter"": 42, ""et_jitter"": 16, ""random"": 6, ""foreground"": 8}",1.0735070251900216,"{""et_jitter"": 4, ""foreground"": 13, ""tumor_jitter"": 24, ""random"": 1, ""tumor_jitter_no_et"": 4}",0.2473172575457772,"{""random"": 25, ""tumor_jitter"": 133, ""foreground"": 49, ""et_jitter"": 61}",0.25585273041405493,"{""foreground"": 82, ""et_jitter"": 65, ""tumor_jitter"": 172, ""random"": 39}"
114,1.6196911348777338e-06,0.28046190873498006,0.9097870352722349,0.8774654346832993,0.8482030454138938,0.8784851717898093,0.3338212271531423,"{""et_jitter"": 15, ""foreground"": 8, ""tumor_jitter"": 40, ""random"": 9}",1.1093164047469264,"{""foreground"": 8, ""tumor_jitter"": 31, ""et_jitter"": 4, ""random"": 2, ""tumor_jitter_no_et"": 1}",0.2561883620584189,"{""et_jitter"": 50, ""tumor_jitter"": 145, ""random"": 25, ""foreground"": 48}",0.24157801672150303,"{""tumor_jitter"": 189, ""foreground"": 62, ""random"": 32, ""et_jitter"": 75}"
115,1.4306161862630596e-06,0.2809153947092238,0.9096291767699378,0.8770378357247299,0.8479176046196794,0.878194872371449,0.3550547973977195,"{""foreground"": 15, ""tumor_jitter"": 38, ""et_jitter"": 15, ""random"": 4}",1.161348459513291,"{""et_jitter"": 8, ""tumor_jitter"": 24, ""foreground"": 7, ""tumor_jitter_no_et"": 3, ""random"": 4}",0.2505535375493676,"{""random"": 24, ""foreground"": 54, ""tumor_jitter"": 141, ""et_jitter"": 49}",0.24172639655334324,"{""et_jitter"": 87, ""tumor_jitter"": 165, ""random"": 39, ""foreground"": 67}"
116,1.2757384892093373e-06,0.2820348246466546,0.9103407419863201,0.8772732459855654,0.8480722174970108,0.8785620684896321,0.3801664176086585,"{""et_jitter"": 15, ""tumor_jitter"": 37, ""foreground"": 11, ""random"": 9}",1.1394398471583491,"{""tumor_jitter"": 30, ""tumor_jitter_no_et"": 2, ""foreground"": 10, ""random"": 3, ""et_jitter"": 1}",0.25837294048448994,"{""random"": 27, ""tumor_jitter"": 131, ""foreground"": 50, ""et_jitter"": 59, ""tumor_jitter_no_et"": 1}",0.2576065630802895,"{""tumor_jitter"": 172, ""et_jitter"": 67, ""foreground"": 64, ""random"": 55}"
117,1.1551659805023147e-06,0.281672674204622,0.9109090261516117,0.8776591989570858,0.847835121725672,0.8788011156114566,0.38455695493353736,"{""foreground"": 15, ""tumor_jitter"": 38, ""et_jitter"": 10, ""random"": 9}",1.1542581527129463,"{""tumor_jitter"": 24, ""et_jitter"": 11, ""random"": 2, ""foreground"": 5, ""tumor_jitter_no_et"": 4}",0.24133474585502895,"{""tumor_jitter"": 138, ""foreground"": 62, ""et_jitter"": 44, ""random"": 24}",0.24176818230215397,"{""et_jitter"": 78, ""tumor_jitter"": 170, ""foreground"": 78, ""random"": 31, ""tumor_jitter_no_et"": 1}"
118,1.0689826890840852e-06,0.2815233806059474,0.9103623191515605,0.8775270179627978,0.8478727457715763,0.8785873609619782,0.37000133759445614,"{""tumor_jitter"": 39, ""et_jitter"": 15, ""foreground"": 13, ""random"": 5}",1.126886010169983,"{""random"": 7, ""tumor_jitter"": 22, ""foreground"": 10, ""et_jitter"": 7}",0.2597415395525854,"{""foreground"": 51, ""tumor_jitter"": 132, ""random"": 28, ""et_jitter"": 57}",0.23572069625032013,"{""tumor_jitter"": 194, ""random"": 25, ""foreground"": 68, ""et_jitter"": 71}"
119,1.0172486774919814e-06,0.2804118505546025,0.9100182052169528,0.8778870881628138,0.8479200275113007,0.8786084402970223,0.350255795651012,"{""foreground"": 19, ""et_jitter"": 16, ""tumor_jitter"": 35, ""random"": 2}",1.177504873794058,"{""et_jitter"": 4, ""tumor_jitter"": 25, ""random"": 5, ""tumor_jitter_no_et"": 6, ""foreground"": 6}",0.2609156838326312,"{""et_jitter"": 54, ""tumor_jitter"": 126, ""foreground"": 58, ""random"": 30}",0.24994761455158948,"{""random"": 44, ""foreground"": 70, ""tumor_jitter"": 177, ""et_jitter"": 67}"
120,1e-06,0.28139312008307094,0.9110702015104748,0.8777787065536922,0.8482011257243404,0.8790166779295024,0.39402446274956066,"{""tumor_jitter"": 36, ""foreground"": 19, ""et_jitter"": 10, ""random"": 7}",1.1615040872407996,"{""et_jitter"": 7, ""tumor_jitter"": 27, ""random"": 2, ""foreground"": 8, ""tumor_jitter_no_et"": 2}",0.2650134656300296,"{""random"": 29, ""et_jitter"": 44, ""tumor_jitter"": 131, ""foreground"": 63, ""tumor_jitter_no_et"": 1}",0.2461851174688206,"{""et_jitter"": 63, ""tumor_jitter"": 185, ""foreground"": 73, ""random"": 37}"
